,file,species
0,1b490196c.png,6
1,85431c075.png,10
2,506347cfe.png,2
3,7f46a71db.png,0
4,668c1007c.png,3
5,71f5323c5.png,11
6,1f3f44563.png,5
7,beebe5f4e.png,2
8,780defa2e.png,8
9,df521c0c0.png,10
10,466bb6d3b.png,5
11,98d819587.png,6
12,223e4af09.png,9
13,abc331628.png,7
14,eef131644.png,10
15,b7a7f6390.png,10
16,7d3045fc3.png,0
17,1926e82fd.png,10
18,a9d2eab61.png,10
19,bffc08672.png,2
20,6dd095129.png,8
21,6db684fff.png,2
22,cec5bf198.png,0
23,bea23d9f8.png,2
24,48d97c645.png,4
25,31f3dd81f.png,10
26,5b63dcc21.png,8
27,b4c3df835.png,5
28,3abb502fb.png,11
29,54b3afd58.png,9
30,550a8b7e6.png,4
31,8585f9718.png,10
32,e478c452c.png,0
33,25a4c427e.png,10
34,39b740f7e.png,10
35,0021e90e4.png,4
36,9c32a797e.png,7
37,958bb9e96.png,3
38,bd789d151.png,8
39,e19ad6ac9.png,3
40,b7192c70f.png,7
41,24d78df74.png,8
42,0437393b1.png,1
43,f9b6bfb00.png,9
44,3fbd0fc6a.png,6
45,fa9f3a8f9.png,9
46,e88bf0db9.png,4
47,8a8d6c712.png,9
48,377283a21.png,5
49,19618ad6a.png,0
50,a85b48a95.png,2
51,892e9d6c6.png,1
52,e5297b675.png,10
53,af45e222a.png,2
54,026716f9b.png,10
55,c60e91e07.png,10
56,003d61042.png,1
57,b9062c1c8.png,0
58,866be78b0.png,6
59,7cabd68cc.png,10
60,fe9e87b78.png,2
61,c6c8d4ba0.png,10
62,3bbef3ecb.png,2
63,54c8bb900.png,9
64,5dcad9a53.png,4
65,ef74dbcad.png,2
66,270b939cf.png,8
67,0c27cf05f.png,2
68,afcf6abd5.png,4
69,e921021a8.png,1
70,808578ed5.png,3
71,1f290e016.png,1
72,a890ac088.png,3
73,20e562fd5.png,0
74,e7077322d.png,2
75,855955aaf.png,4
76,b341d0aab.png,8
77,97b2f0a10.png,4
78,e4d5ec761.png,10
79,a4b61a4ea.png,2
80,e1a0e3202.png,10
81,30ad31220.png,3
82,ab35453cb.png,9
83,1541bdb2e.png,5
84,13b9fa92d.png,0
85,7691014a1.png,3
86,76dbd1054.png,2
87,ba3ce6b3e.png,2
88,25cf6eb73.png,3
89,8e3ed0a25.png,4
90,8c9953903.png,1
91,6edb96d45.png,9
92,1d48b7564.png,2
93,6a47821f9.png,11
94,bb7621cb3.png,1
95,d89db156f.png,4
96,ac75d3326.png,10
97,32a8c8a1d.png,10
98,79fba50db.png,8
99,ffc6f8527.png,7
100,5b3000b9a.png,5
101,ad12382d4.png,10
102,98da6ef4e.png,2
103,b0acaff4a.png,11
104,60ee66ddd.png,9
105,ace8761dd.png,8
106,4ac29bbf0.png,8
107,ef9676433.png,3
108,8e4eaeec0.png,8
109,486e59179.png,8
110,55a852f40.png,8
111,bebcaab66.png,2
112,bb64660b7.png,0
113,6049234e6.png,1
114,7beb2766f.png,2
115,65e262a6d.png,3
116,5bdcfa329.png,10
117,5ca2687a4.png,5
118,b573b7a56.png,10
119,d2fd9df40.png,10
120,9b9911f20.png,1
121,d350a25fa.png,6
122,b47691c08.png,2
123,8e29abce1.png,6
124,99036c51d.png,10
125,f445fe6fb.png,3
126,90b595f12.png,8
127,43ede9de9.png,3
128,29bab7cad.png,8
129,82b5f4d33.png,6
130,785a73ab8.png,8
131,d2f0f326e.png,1
132,809eb0b82.png,3
133,11d3f68ff.png,10
134,b215531dd.png,9
135,007b3da8b.png,0
136,35ebe165c.png,11
137,0a64e3e6c.png,11
138,65e97117e.png,10
139,ac3193f78.png,8
140,bf3924a57.png,8
141,c26ccf73c.png,8
142,29ce426a1.png,8
143,c10ccbd82.png,2
144,fa5fd1384.png,6
145,c5e419015.png,6
146,1c680883c.png,10
147,c35efa095.png,2
148,32b42c120.png,4
149,686dc7ec8.png,10
150,f4021df6c.png,1
151,c7051c902.png,8
152,c832e4302.png,1
153,efe19dc32.png,3
154,adb7a032c.png,10
155,429211ee6.png,1
156,33748968f.png,9
157,4049a6ea6.png,10
158,da4ed3a28.png,3
159,a2b703e21.png,4
160,6be169e41.png,6
161,7615e52d3.png,9
162,c63da993b.png,0
163,780bd2a2c.png,0
164,02cfeb38d.png,10
165,b4f7c9214.png,10
166,8a4d3a1b1.png,10
167,a93f940d6.png,2
168,86c309150.png,1
169,6edc76e7c.png,1
170,728eabae1.png,3
171,a800caead.png,0
172,599c82eea.png,8
173,20817c846.png,2
174,5a6bf96f6.png,0
175,bd72d4d8a.png,2
176,8f523520c.png,6
177,5ee9d0a5b.png,10
178,2d5058a59.png,8
179,03e322a29.png,0
180,c1ecff98b.png,10
181,a0f37c726.png,4
182,589e643b8.png,6
183,0d117d910.png,8
184,9aa5587fe.png,10
185,060f1dc84.png,2
186,f25996db8.png,4
187,c75a82234.png,2
188,34dd57ca9.png,10
189,d09275360.png,0
190,96ecad7a1.png,4
191,26e7ae885.png,1
192,7696badea.png,11
193,c5e88cd42.png,8
194,862b8e7a0.png,0
195,24dbc3b21.png,0
196,632156793.png,9
197,b03397525.png,10
198,33448fe39.png,10
199,90d119d25.png,2
200,b687160f5.png,4
201,e96e57a90.png,6
202,f3fcfff1b.png,3
203,59358cd44.png,4
204,47b7d8e17.png,4
205,6908fb540.png,0
206,1364b297a.png,9
207,f2dc546ca.png,9
208,2406d6c99.png,8
209,126a71ce0.png,3
210,b145ba9d4.png,2
211,87f627bf9.png,0
212,7b52585da.png,10
213,44e8b8833.png,4
214,8d6acbe9b.png,8
215,88d8a4508.png,1
216,8a30b2de3.png,0
217,0086a6340.png,8
218,55251925f.png,8
219,043449b0b.png,0
220,22fbf13d6.png,10
221,0bf7bfb05.png,10
222,523e5505c.png,1
223,d8f4923f8.png,8
224,cc3d2a59a.png,0
225,ef02b4ee7.png,0
226,4f83143e1.png,5
227,1b6a6494d.png,0
228,a83820a2c.png,0
229,a35fd6fbb.png,8
230,3dd52bd2a.png,4
231,acdb75e00.png,10
232,4e18ab737.png,9
233,08d591441.png,0
234,2f246d688.png,4
235,64fe8beb9.png,2
236,1be0713da.png,9
237,a85fc8c9a.png,4
238,b1cd2a91e.png,9
239,a276c65f7.png,10
240,07e62f903.png,5
241,5f04aed97.png,4
242,dcd7ff249.png,2
243,8874bba69.png,10
244,fadc6adbc.png,3
245,1d321253f.png,1
246,897e5a8de.png,9
247,fbf88b6be.png,1
248,3f64c2c1b.png,7
249,39858776a.png,9
250,fb022edf9.png,1
251,0d31e6602.png,4
252,93079d970.png,0
253,6680836dd.png,0
254,f66ae4070.png,5
255,721be0a4a.png,10
256,0ee4ad224.png,2
257,599691cd9.png,4
258,86f08e6d1.png,1
259,df11d56a7.png,0
260,d3331e071.png,1
261,46c14fde2.png,10
262,2d9c798f9.png,4
263,3e9f41817.png,10
264,c069fc3fa.png,1
265,65489944f.png,6
266,a74d475c2.png,8
267,74d810f87.png,10
268,aad8375e0.png,9
269,4a337a4a9.png,1
270,a254d71f6.png,10
271,e1abb4ff9.png,0
272,63c07d340.png,0
273,55fed435f.png,3
274,1e095a7e1.png,4
275,8ca6140ca.png,10
276,cc74feadc.png,11
277,e5e3dccff.png,7
278,a169b71e7.png,3
279,3281183f9.png,1
280,406ecb5c5.png,3
281,974959ec1.png,7
282,7fdb7202d.png,0
283,085974290.png,2
284,9baf94467.png,0
285,6982a9d30.png,4
286,664194d19.png,4
287,3eda9cbb6.png,2
288,ce3d280eb.png,8
289,77ccb8b2a.png,4
290,8faadb6a8.png,0
291,52dc7a4d6.png,8
292,4e1190d78.png,10
293,da231c97f.png,2
294,c0bc3997b.png,2
295,cbba27d89.png,5
296,9d3cb4745.png,7
297,521b27a17.png,10
298,5bbc0a255.png,0
299,67e185673.png,4
300,53e6e9000.png,7
301,f4234cf4f.png,1
302,4c7838de4.png,8
303,a19c3faca.png,4
304,f4e7733d4.png,4
305,8311740de.png,1
306,c88ebfb47.png,4
307,e471f1d3a.png,3
308,36d62bf36.png,7
309,9c0c5b731.png,10
310,41e07778c.png,9
311,5c3cd7ea2.png,2
312,a935ca110.png,10
313,2f0004a7f.png,7
314,da9ef7858.png,3
315,148bbda66.png,3
316,b39c71707.png,5
317,a544fc46d.png,2
318,4c5ab9b68.png,9
319,cae684f8f.png,3
320,1459e96a0.png,9
321,23bc8ec4f.png,8
322,d09d24c58.png,10
323,8db450ce3.png,8
324,f4ad9d950.png,0
325,05341a8a6.png,2
326,5315c2dca.png,11
327,5296835a0.png,4
328,721b2c47a.png,1
329,1d56351b2.png,8
330,79d93bc96.png,10
331,50de8a115.png,6
332,6df8e31ea.png,9
333,cd5f0db1c.png,4
334,e82017baa.png,10
335,d668409ff.png,10
336,279df95f2.png,0
337,9cce7328c.png,10
338,187668bde.png,2
339,406162ef9.png,3
340,490c4f9c8.png,1
341,32c86784b.png,8
342,b31292706.png,8
343,3185294c8.png,2
344,bfab3e3d0.png,0
345,122913909.png,5
346,47f9e5d91.png,8
347,3b73c3b61.png,10
348,3f826b318.png,8
349,e15472085.png,8
350,37c3108d6.png,6
351,d0152bd7c.png,1
352,abf8b0772.png,2
353,16357b436.png,10
354,86676d627.png,10
355,b30ab4659.png,9
356,7a38416be.png,3
357,6b9d6f8c9.png,0
358,116b136de.png,0
359,e19673dc9.png,3
360,fe29629fb.png,1
361,7f9e9565d.png,2
362,42e7ed442.png,6
363,a38b8a581.png,4
364,03ef36742.png,2
365,06d12f6fa.png,6
366,fba8fc78a.png,11
367,e9d48d664.png,3
368,48231e475.png,2
369,3526b05cc.png,2
370,7506c0c02.png,2
371,770a265f5.png,4
372,2ff5cb348.png,0
373,f48916a8c.png,2
374,66ab0e8d0.png,3
375,1bf9b94a6.png,2
376,55920f07f.png,5
377,8303b27ed.png,10
378,8e6ec1ca6.png,4
379,88ac6df54.png,10
380,592cc5b89.png,10
381,e73e308be.png,1
382,3efa1f66c.png,10
383,5bc6595f6.png,5
384,6c874918c.png,10
385,a8da9c08d.png,3
386,e84464f5a.png,9
387,1694a70e4.png,2
388,20f983a71.png,1
389,00c47e980.png,0
390,a8de7c1b7.png,10
391,2e86f1085.png,1
392,c64370a72.png,0
393,cfb18d262.png,8
394,953496deb.png,1
395,0c45ace27.png,8
396,2a667e099.png,1
397,539961189.png,8
398,856f2910a.png,4
399,4bbfd1e05.png,9
400,26852751a.png,3
401,647689543.png,10
402,fda39e16f.png,11
403,ec08a5d56.png,4
404,754b1adf8.png,4
405,711b46fba.png,6
406,8cf909eb3.png,3
407,219fd68d5.png,2
408,9c8b08a24.png,10
409,653193c1a.png,7
410,14bb43eee.png,7
411,17a78fb44.png,7
412,3da774107.png,1
413,c7b07431e.png,2
414,a74bf916d.png,6
415,a8388a37f.png,10
416,60f0bc617.png,4
417,8a32d0bfa.png,4
418,00d090cde.png,10
419,e4a76885b.png,5
420,fd925f542.png,8
421,e15fce4f2.png,2
422,c74c5b7fc.png,3
423,37e545a60.png,8
424,cd6adba97.png,4
425,1312065a5.png,4
426,8b043093d.png,4
427,e5881dd33.png,7
428,78c5fba1d.png,0
429,ef7a5651d.png,8
430,fea1d13d6.png,6
431,9fab816f2.png,1
432,60fea2ef6.png,0
433,afa446484.png,4
434,53ceb4657.png,8
435,2ea664465.png,0
436,fea355851.png,10
437,a060c1cf8.png,5
438,d563be369.png,1
439,0911d3dee.png,8
440,391dcd7fd.png,10
441,8d6991365.png,11
442,c5078bac5.png,10
443,0751c0bbc.png,7
444,c0f5d9ac8.png,4
445,5af1d74ee.png,0
446,35cf9fa01.png,6
447,71e73a8a0.png,0
448,dabe3e5be.png,4
449,6da892be6.png,4
450,dabea05f4.png,2
451,4e9d3765f.png,3
452,e901b0f28.png,7
453,165681fd9.png,3
454,65d08b894.png,0
455,8301b0547.png,3
456,99569b224.png,7
457,976e4e079.png,8
458,a8b431a3e.png,0
459,f85ed9b6d.png,3
460,5817b766d.png,6
461,4b032563b.png,8
462,606647f64.png,8
463,b944a49ca.png,10
464,8ece6efec.png,2
465,f33e9d918.png,10
466,6d6eb3830.png,3
467,d41d87796.png,2
468,b026bf8ca.png,10
469,b62dca166.png,1
470,4823c3ffa.png,1
471,338c7e907.png,3
472,e52493d0b.png,9
473,b130a0632.png,4
474,0caeda5df.png,7
475,0c51bf229.png,5
476,590f5aea6.png,3
477,e3f50adfc.png,9
478,d488a4fe1.png,7
479,8cfd98117.png,1
480,e5064f6be.png,0
481,239bdf640.png,9
482,0c5f6c493.png,8
483,b6a3f7876.png,11
484,c2de6020a.png,4
485,24a058589.png,3
486,59e1cea8d.png,9
487,be2499cf4.png,11
488,17529c555.png,2
489,19fdf19fb.png,7
490,fef2ade8c.png,0
491,a0b393945.png,4
492,c0461776c.png,8
493,699d3c707.png,0
494,aa7d098d1.png,8
495,ef3e232ad.png,8
496,615d2b0a9.png,0
497,ce42adffb.png,10
498,fdea6b119.png,11
499,cf3a8b2fd.png,10
500,aecfaed64.png,8
501,20ea96bcc.png,0
502,800a8c17e.png,1
503,0ebf8f2f4.png,5
504,966ae5ad9.png,10
505,c10db7ae2.png,5
506,a2d25b4f3.png,4
507,f351ce097.png,10
508,a2c89c367.png,3
509,4bbf1f6ea.png,6
510,39d569be4.png,10
511,29f49cd0b.png,1
512,92292055d.png,6
513,fda0b5c38.png,7
514,c06e7c748.png,2
515,b6f3d8b5d.png,2
516,ff65bc002.png,3
517,8170d33c1.png,5
518,fd253a74e.png,9
519,258b1183c.png,9
520,e721c6ac8.png,10
521,c6b76307d.png,9
522,3f92d8039.png,10
523,00ef713a8.png,8
524,71b232519.png,10
525,d7017f701.png,1
526,36839d5e9.png,6
527,f6d250856.png,6
528,dd5ec63d9.png,0
529,d93c7ab6d.png,10
530,a3d0031fd.png,10
531,79dafec17.png,10
532,2df78338c.png,8
533,5bd71f445.png,8
534,8455169fe.png,7
535,3827436f3.png,8
536,0625f063b.png,8
537,e0ec5b6a1.png,0
538,a006a475c.png,8
539,03a2ee656.png,4
540,e6f1211a2.png,0
541,9a3f20121.png,10
542,dd9f36df7.png,4
543,ce15eee52.png,3
544,dce2f6612.png,8
545,61dd2cdc5.png,9
546,fea3da57c.png,0
547,8e2e5604e.png,0
548,1758a1baf.png,8
549,01291174f.png,1
550,dfb1d9012.png,10
551,444473900.png,1
552,e80a259c5.png,4
553,bb1d1bfd3.png,3
554,b3d6fdb80.png,6
555,03566743d.png,8
556,ae90f2827.png,8
557,7c85b0265.png,10
558,2a5064f19.png,7
559,cf46d09c5.png,8
560,23e480e64.png,6
561,e98e5d1d5.png,2
562,060450d79.png,8
563,071cb3ece.png,1
564,cbe761896.png,3
565,c50335991.png,1
566,f9ea23fb5.png,1
567,f1f7c833f.png,6
568,eec1079a1.png,3
569,cf90fc52d.png,5
570,b3e08b037.png,1
571,963544aa0.png,10
572,37714071b.png,6
573,d14aa43f3.png,4
574,3d65168c2.png,8
575,837ac0270.png,2
576,59f62ad1d.png,10
577,9326bda1b.png,8
578,04814f36d.png,1
579,d515398fd.png,10
580,d2f422ccb.png,8
581,2d992d1fb.png,10
582,56a01b835.png,9
583,248436078.png,9
584,3d38a87bc.png,2
585,6b721f68e.png,11
586,5ca0205f9.png,3
587,97844bfd5.png,6
588,063363305.png,4
589,d9c50616e.png,0
590,1cfd91582.png,3
591,24d36c52c.png,1
592,67ce3eaa6.png,4
593,827279bad.png,2
594,f593c9cf0.png,0
595,1623fb9e1.png,1
596,6a41bf95b.png,2
597,808cf55c6.png,3
598,5eb9c26a6.png,1
599,c0d9e170b.png,4
600,752101fdf.png,4
601,fd87b36ae.png,10
602,4b155fb07.png,5
603,35a90f8d0.png,2
604,1fefb54b7.png,1
605,089ad62a7.png,8
606,f9f35cbd4.png,8
607,0885e7690.png,2
608,4f44ca525.png,8
609,659412b1a.png,10
610,205df1df3.png,1
611,a5db42f7d.png,5
612,5a38ac566.png,10
613,5883b423d.png,2
614,de0b79659.png,1
615,df7cb5f87.png,8
616,8dbb8e1b9.png,3
617,0f6cbe5e8.png,5
618,7b21ba6ba.png,0
619,74068643d.png,10
620,0ad9e7dfb.png,0
621,25fa8d109.png,7
622,7d22abf91.png,2
623,b828443ff.png,5
624,e5368474f.png,2
625,604dd663f.png,6
626,099b961ec.png,6
627,c7ae30f3a.png,2
628,8bc0261c9.png,10
629,52a87abe5.png,1
630,cadab6616.png,6
631,33317fc2a.png,1
632,1d0cbd819.png,10
633,eaf0815e2.png,4
634,4c8005bbc.png,10
635,2bd74d2da.png,10
636,dc4cd56a3.png,10
637,aee6fa3df.png,10
638,f0ffa00bd.png,0
639,69d1669f8.png,3
640,d689256be.png,3
641,0c4199daa.png,10
642,87608f7aa.png,3
643,995c7ab1e.png,11
644,8104422bb.png,8
645,c4ed8ed38.png,3
646,8916793ce.png,4
647,5779fe8b4.png,1
648,1c52ea820.png,0
649,caa2fbd79.png,8
650,288564c76.png,0
651,a55d26a4c.png,8
652,59b2c6f2b.png,8
653,e9cd91682.png,8
654,0ae6668fa.png,10
655,c8f50f0c3.png,7
656,da5255450.png,8
657,16fd2e01a.png,4
658,9d79a1f0c.png,4
659,73260a4ee.png,1
660,56112b92c.png,4
661,d17f48d3b.png,2
662,1376f3b63.png,9
663,756dd5070.png,8
664,4e69d100a.png,4
665,9df3275da.png,4
666,bb20fce02.png,2
667,446f7da01.png,10
668,17d5e5ac4.png,10
669,1821eb11a.png,6
670,6ba4ef411.png,9
671,16467a950.png,10
672,80e299ae9.png,6
673,fc3e58836.png,2
674,558aa7deb.png,11
675,75cb95e91.png,3
676,38c054379.png,4
677,36ed4f215.png,8
678,19e58cc5e.png,8
679,cfd8165e9.png,3
680,b98327bf4.png,2
681,592473c83.png,10
682,2126dc71b.png,8
683,a1da8be3c.png,5
684,e1809cef2.png,10
685,d102e1a15.png,3
686,cb496f36e.png,10
687,be341dbdc.png,10
688,7d4cd07ad.png,8
689,4bcdaa5e2.png,4
690,d0cdc768f.png,7
691,e783f5a4f.png,0
692,f4caf74f9.png,3
693,74fd477eb.png,8
694,6bce55e05.png,3
695,e14afa235.png,11
696,2dd5cfba9.png,6
697,a1e0a6c02.png,9
698,618de3d7a.png,3
699,3eebd36c6.png,3
700,502dff972.png,4
701,241e6935a.png,0
702,edfdb4aeb.png,8
703,48ef6a2ff.png,7
704,19b51843a.png,8
705,b29339405.png,10
706,39c8fde99.png,10
707,ef65533d5.png,0
708,b5c7fd009.png,11
709,2693e5c65.png,5
710,d5f7dd60a.png,2
711,1191ba346.png,9
712,177d7e2a4.png,8
713,9643fc5f4.png,3
714,bdde957ec.png,1
715,c85ef220d.png,8
716,5e6a237f2.png,0
717,ab0f67743.png,10
718,3d67c434b.png,1
719,969a851be.png,6
720,f1e87cba7.png,10
721,12625488b.png,1
722,d84d37a61.png,8
723,71334c634.png,5
724,8b9144917.png,4
725,b2706e2b3.png,7
726,22e79540f.png,3
727,b7ad92859.png,6
728,675ec1b0b.png,4
729,41f1c3cdb.png,1
730,0e8492cb1.png,2
731,93d76fd5d.png,4
732,aaf4da98f.png,0
733,31fcdc161.png,5
734,835dc5447.png,4
735,9b4800b42.png,2
736,37297a64c.png,8
737,3ebbe9ca4.png,3
738,f23faf9c1.png,10
739,4392d93cf.png,1
740,dc55449b2.png,0
741,8b27bfd2b.png,4
742,3a909ead8.png,4
743,ede6b84b4.png,9
744,f8318faf1.png,8
745,96f14d90c.png,0
746,172f9b10b.png,8
747,61b044411.png,2
748,76555b064.png,10
749,9516e56c4.png,11
750,8ab8a958b.png,9
751,d6d80a321.png,2
752,410e6f702.png,4
753,824f5d4e5.png,0
754,d01873fdd.png,11
755,bf66b9cd2.png,5
756,a8c8a1db0.png,6
757,da713c465.png,10
758,7f31c7f42.png,10
759,d6d31dcbe.png,2
760,534e74d83.png,5
761,d6c8c3c48.png,4
762,3edf5e9ef.png,7
763,8c98a6e9b.png,11
764,2b55a2da2.png,3
765,4ea7493d5.png,0
766,78750e0ff.png,3
767,115f93ecc.png,10
768,cb76a7766.png,1
769,91e469b4a.png,3
770,9c777333d.png,8
771,1dc7c45df.png,10
772,fc6f686fb.png,0
773,4287d810c.png,8
774,0fb233ad6.png,4
775,a7bd7cadb.png,1
776,bb1c84bbc.png,10
777,1f5e5554e.png,4
778,79e5ea8fa.png,7
779,3fbf1a417.png,9
780,c7eb96871.png,7
781,59c6a9f95.png,0
782,5b3beec58.png,10
783,851c90831.png,10
784,98062cd87.png,8
785,7e9cf1c46.png,8
786,a3b375b34.png,10
787,0dba99002.png,0
788,593896f83.png,8
789,456d507c0.png,9
790,78b1bf91a.png,0
791,8cf2e3e6c.png,8
792,948cdb277.png,9
793,24c94a6ca.png,0
